Designator,Val,Package,Mid X,Mid Y,Rotation,Layer
C1,100uF,C_1206_3216Metric_Pad1.60x1.80mm_HandSolder,167.5308,-133.4457,90.0,top
C2,100uF,C_1206_3216Metric_Pad1.60x1.80mm_HandSolder,137.4318,-126.2067,-90.0,top
C3,100uF,C_1206_3216Metric_Pad1.60x1.80mm_HandSolder,171.9758,-93.3137,-90.0,top
C4,100uF,C_1206_3216Metric_Pad1.60x1.80mm_HandSolder,102.5068,-119.6027,-90.0,top
C5,0.1uF,C_1206_3216Metric_Pad1.60x1.80mm_HandSolder,178.7068,-84.1697,90.0,top
C6,0.1uF,C_1206_3216Metric_Pad1.60x1.80mm_HandSolder,159.1488,-75.2797,90.0,top
C7,0.1uF,C_1206_3216Metric_Pad1.60x1.80mm_HandSolder,178.8338,-60.4207,90.0,top
C8,0.1uF,C_1206_3216Metric_Pad1.60x1.80mm_HandSolder,158.8948,-59.4047,90.0,top
C9,0.1uF,C_1206_3216Metric_Pad1.60x1.80mm_HandSolder,129.5578,-92.2977,-90.0,top
R1,4k7,R_1206_3216Metric_Pad1.60x1.80mm_HandSolder,165.1178,-93.3137,90.0,top
R10,4k7,R_1206_3216Metric_Pad1.60x1.80mm_HandSolder,102.5068,-112.3357,-90.0,top
R11,4k7,R_1206_3216Metric_Pad1.60x1.80mm_HandSolder,159.0218,-133.4457,-90.0,top
R12,4k7,R_1206_3216Metric_Pad1.60x1.80mm_HandSolder,161.4348,-133.4457,-90.0,top
R13,4k7,R_1206_3216Metric_Pad1.60x1.80mm_HandSolder,174.3888,-93.3137,90.0,top
R14,4k7,R_1206_3216Metric_Pad1.60x1.80mm_HandSolder,178.8338,-96.1077,90.0,top
R15,4k7,R_1206_3216Metric_Pad1.60x1.80mm_HandSolder,154.9578,-93.3137,90.0,top
R16,4k7,R_1206_3216Metric_Pad1.60x1.80mm_HandSolder,159.1488,-85.4397,90.0,top
R17,4k7,R_1206_3216Metric_Pad1.60x1.80mm_HandSolder,137.4318,-112.9707,-90.0,top
R18,4k7,R_1206_3216Metric_Pad1.60x1.80mm_HandSolder,137.4318,-101.4417,90.0,top
R2,4k7,R_1206_3216Metric_Pad1.60x1.80mm_HandSolder,160.0378,-93.3137,90.0,top
R3,4k7,R_1206_3216Metric_Pad1.60x1.80mm_HandSolder,163.8478,-133.4457,-90.0,top
R4,4k7,R_1206_3216Metric_Pad1.60x1.80mm_HandSolder,178.8338,-69.0567,90.0,top
R5,4k7,R_1206_3216Metric_Pad1.60x1.80mm_HandSolder,152.4178,-93.3137,90.0,top
R6,4k7,R_1206_3216Metric_Pad1.60x1.80mm_HandSolder,162.5778,-93.3137,90.0,top
R7,4k7,R_1206_3216Metric_Pad1.60x1.80mm_HandSolder,149.8778,-93.3137,90.0,top
R8,4k7,R_1206_3216Metric_Pad1.60x1.80mm_HandSolder,157.4978,-93.3137,90.0,top
R9,4k7,R_1206_3216Metric_Pad1.60x1.80mm_HandSolder,159.1488,-80.3597,-90.0,top
